{
  "Add Booking Details" : {
    "transaction" : "Add Booking Details",
    "sampleCount" : 300,
    "errorCount" : 0,
    "errorPct" : 0.0,
    "meanResTime" : 256.9633333333334,
    "medianResTime" : 256.0,
    "minResTime" : 249.0,
    "maxResTime" : 313.0,
    "pct1ResTime" : 264.0,
    "pct2ResTime" : 266.0,
    "pct3ResTime" : 282.8900000000001,
    "throughput" : 31.648908112670114,
    "receivedKBytesPerSec" : 13.753675888806837,
    "sentKBytesPerSec" : 14.062747257094632
  },
  "Delete Booking Information" : {
    "transaction" : "Delete Booking Information",
    "sampleCount" : 300,
    "errorCount" : 0,
    "errorPct" : 0.0,
    "meanResTime" : 262.096666666667,
    "medianResTime" : 259.0,
    "minResTime" : 251.0,
    "maxResTime" : 306.0,
    "pct1ResTime" : 275.90000000000003,
    "pct2ResTime" : 281.95,
    "pct3ResTime" : 298.97,
    "throughput" : 31.776294884016522,
    "receivedKBytesPerSec" : 7.695821417222751,
    "sentKBytesPerSec" : 7.478600651414045
  },
  "Get Specific Booking Details" : {
    "transaction" : "Get Specific Booking Details",
    "sampleCount" : 300,
    "errorCount" : 0,
    "errorPct" : 0.0,
    "meanResTime" : 259.1100000000002,
    "medianResTime" : 257.5,
    "minResTime" : 250.0,
    "maxResTime" : 297.0,
    "pct1ResTime" : 267.90000000000003,
    "pct2ResTime" : 272.0,
    "pct3ResTime" : 286.93000000000006,
    "throughput" : 31.796502384737675,
    "receivedKBytesPerSec" : 12.917329093799681,
    "sentKBytesPerSec" : 6.582869634340223
  },
  "Total" : {
    "transaction" : "Total",
    "sampleCount" : 1800,
    "errorCount" : 0,
    "errorPct" : 0.0,
    "meanResTime" : 453.6772222222218,
    "medianResTime" : 259.0,
    "minResTime" : 248.0,
    "maxResTime" : 2031.0,
    "pct1ResTime" : 1397.0,
    "pct2ResTime" : 1414.0,
    "pct3ResTime" : 1602.9,
    "throughput" : 145.26672584940684,
    "receivedKBytesPerSec" : 1228.6331340539505,
    "sentKBytesPerSec" : 44.095449822451776
  },
  "Get Booking Information" : {
    "transaction" : "Get Booking Information",
    "sampleCount" : 300,
    "errorCount" : 0,
    "errorPct" : 0.0,
    "meanResTime" : 1425.3100000000009,
    "medianResTime" : 1403.0,
    "minResTime" : 1279.0,
    "maxResTime" : 2031.0,
    "pct1ResTime" : 1439.0,
    "pct2ResTime" : 1673.0999999999995,
    "pct3ResTime" : 1963.92,
    "throughput" : 27.014858171994597,
    "receivedKBytesPerSec" : 1323.4790951429536,
    "sentKBytesPerSec" : 5.461011368752814
  },
  "Token Authorization" : {
    "transaction" : "Token Authorization",
    "sampleCount" : 300,
    "errorCount" : 0,
    "errorPct" : 0.0,
    "meanResTime" : 255.52666666666647,
    "medianResTime" : 254.0,
    "minResTime" : 248.0,
    "maxResTime" : 277.0,
    "pct1ResTime" : 261.0,
    "pct2ResTime" : 265.0,
    "pct3ResTime" : 274.99,
    "throughput" : 31.762837480148228,
    "receivedKBytesPerSec" : 8.405985309687665,
    "sentKBytesPerSec" : 8.747187665431445
  },
  "Update Booking Detail" : {
    "transaction" : "Update Booking Detail",
    "sampleCount" : 300,
    "errorCount" : 0,
    "errorPct" : 0.0,
    "meanResTime" : 263.05666666666684,
    "medianResTime" : 260.0,
    "minResTime" : 250.0,
    "maxResTime" : 300.0,
    "pct1ResTime" : 275.0,
    "pct2ResTime" : 280.95,
    "pct3ResTime" : 294.97,
    "throughput" : 31.762837480148228,
    "receivedKBytesPerSec" : 12.96568951826363,
    "sentKBytesPerSec" : 14.516609317098993
  }
}