{
  "Add Booking Details" : {
    "transaction" : "Add Booking Details",
    "sampleCount" : 400,
    "errorCount" : 0,
    "errorPct" : 0.0,
    "meanResTime" : 578.5174999999997,
    "medianResTime" : 336.0,
    "minResTime" : 250.0,
    "maxResTime" : 22415.0,
    "pct1ResTime" : 598.7000000000005,
    "pct2ResTime" : 1383.3499999999985,
    "pct3ResTime" : 5002.520000000007,
    "throughput" : 13.669138502545877,
    "receivedKBytesPerSec" : 5.93940086457301,
    "sentKBytesPerSec" : 6.073689471346068
  },
  "Delete Booking Information" : {
    "transaction" : "Delete Booking Information",
    "sampleCount" : 400,
    "errorCount" : 5,
    "errorPct" : 1.25,
    "meanResTime" : 528.2674999999999,
    "medianResTime" : 339.0,
    "minResTime" : 250.0,
    "maxResTime" : 12864.0,
    "pct1ResTime" : 487.90000000000003,
    "pct2ResTime" : 748.55,
    "pct3ResTime" : 10257.090000000002,
    "throughput" : 12.232041833583072,
    "receivedKBytesPerSec" : 2.9780661810800892,
    "sentKBytesPerSec" : 2.878113436897954
  },
  "Get Specific Booking Details" : {
    "transaction" : "Get Specific Booking Details",
    "sampleCount" : 400,
    "errorCount" : 2,
    "errorPct" : 0.5,
    "meanResTime" : 448.1375000000001,
    "medianResTime" : 336.0,
    "minResTime" : 250.0,
    "maxResTime" : 13356.0,
    "pct1ResTime" : 464.0,
    "pct2ResTime" : 762.1499999999999,
    "pct3ResTime" : 3179.3200000000006,
    "throughput" : 13.076168682576006,
    "receivedKBytesPerSec" : 5.301722376593658,
    "sentKBytesPerSec" : 2.706409365805819
  },
  "Total" : {
    "transaction" : "Total",
    "sampleCount" : 2400,
    "errorCount" : 10,
    "errorPct" : 0.41666666,
    "meanResTime" : 2225.8349999999987,
    "medianResTime" : 340.0,
    "minResTime" : 249.0,
    "maxResTime" : 28410.0,
    "pct1ResTime" : 9501.000000000004,
    "pct2ResTime" : 13291.149999999983,
    "pct3ResTime" : 18800.96999999998,
    "throughput" : 65.1855070889239,
    "receivedKBytesPerSec" : 1237.961184279768,
    "sentKBytesPerSec" : 19.785032117442558
  },
  "Get Booking Information" : {
    "transaction" : "Get Booking Information",
    "sampleCount" : 400,
    "errorCount" : 0,
    "errorPct" : 0.0,
    "meanResTime" : 11014.282499999998,
    "medianResTime" : 10602.5,
    "minResTime" : 2372.0,
    "maxResTime" : 28410.0,
    "pct1ResTime" : 18140.7,
    "pct2ResTime" : 18837.8,
    "pct3ResTime" : 24895.300000000003,
    "throughput" : 12.600409513309183,
    "receivedKBytesPerSec" : 1413.677473814774,
    "sentKBytesPerSec" : 2.5471530949755867
  },
  "Token Authorization" : {
    "transaction" : "Token Authorization",
    "sampleCount" : 400,
    "errorCount" : 0,
    "errorPct" : 0.0,
    "meanResTime" : 353.72749999999996,
    "medianResTime" : 329.0,
    "minResTime" : 249.0,
    "maxResTime" : 3528.0,
    "pct1ResTime" : 355.7000000000001,
    "pct2ResTime" : 521.5999999999999,
    "pct3ResTime" : 1504.560000000004,
    "throughput" : 13.109166584734377,
    "receivedKBytesPerSec" : 3.4693204535771636,
    "sentKBytesPerSec" : 3.610141578999115
  },
  "Update Booking Detail" : {
    "transaction" : "Update Booking Detail",
    "sampleCount" : 400,
    "errorCount" : 3,
    "errorPct" : 0.75,
    "meanResTime" : 432.07750000000004,
    "medianResTime" : 342.0,
    "minResTime" : 250.0,
    "maxResTime" : 12350.0,
    "pct1ResTime" : 531.9000000000001,
    "pct2ResTime" : 754.0999999999998,
    "pct3ResTime" : 1819.9300000000037,
    "throughput" : 13.140172793272232,
    "receivedKBytesPerSec" : 5.349166728261227,
    "sentKBytesPerSec" : 6.004699664925594
  }
}