{
  "Add Booking Details" : {
    "transaction" : "Add Booking Details",
    "sampleCount" : 100,
    "errorCount" : 0,
    "errorPct" : 0.0,
    "meanResTime" : 265.7199999999999,
    "medianResTime" : 263.0,
    "minResTime" : 255.0,
    "maxResTime" : 326.0,
    "pct1ResTime" : 275.70000000000005,
    "pct2ResTime" : 287.5999999999999,
    "pct3ResTime" : 325.6999999999998,
    "throughput" : 10.726161106939827,
    "receivedKBytesPerSec" : 4.661271184168186,
    "sentKBytesPerSec" : 4.766018851228146
  },
  "Delete Booking Information" : {
    "transaction" : "Delete Booking Information",
    "sampleCount" : 100,
    "errorCount" : 0,
    "errorPct" : 0.0,
    "meanResTime" : 268.9700000000001,
    "medianResTime" : 268.0,
    "minResTime" : 258.0,
    "maxResTime" : 319.0,
    "pct1ResTime" : 277.0,
    "pct2ResTime" : 279.95,
    "pct3ResTime" : 318.67999999999984,
    "throughput" : 10.792143319663285,
    "receivedKBytesPerSec" : 2.613722210230952,
    "sentKBytesPerSec" : 2.539947793006691
  },
  "Get Specific Booking Details" : {
    "transaction" : "Get Specific Booking Details",
    "sampleCount" : 100,
    "errorCount" : 0,
    "errorPct" : 0.0,
    "meanResTime" : 267.85999999999996,
    "medianResTime" : 265.0,
    "minResTime" : 257.0,
    "maxResTime" : 293.0,
    "pct1ResTime" : 280.0,
    "pct2ResTime" : 286.95,
    "pct3ResTime" : 292.98,
    "throughput" : 10.771219302024988,
    "receivedKBytesPerSec" : 4.375807841447651,
    "sentKBytesPerSec" : 2.229978996122361
  },
  "Total" : {
    "transaction" : "Total",
    "sampleCount" : 600,
    "errorCount" : 0,
    "errorPct" : 0.0,
    "meanResTime" : 496.7483333333333,
    "medianResTime" : 267.0,
    "minResTime" : 255.0,
    "maxResTime" : 2388.0,
    "pct1ResTime" : 1583.9,
    "pct2ResTime" : 1612.9499999999998,
    "pct3ResTime" : 1989.5300000000013,
    "throughput" : 47.45709088032904,
    "receivedKBytesPerSec" : 799.3404669332832,
    "sentKBytesPerSec" : 14.40551342640196
  },
  "Get Booking Information" : {
    "transaction" : "Get Booking Information",
    "sampleCount" : 100,
    "errorCount" : 0,
    "errorPct" : 0.0,
    "meanResTime" : 1642.31,
    "medianResTime" : 1596.0,
    "minResTime" : 1549.0,
    "maxResTime" : 2388.0,
    "pct1ResTime" : 1734.0,
    "pct2ResTime" : 2004.2999999999997,
    "pct3ResTime" : 2387.47,
    "throughput" : 8.82768361581921,
    "receivedKBytesPerSec" : 876.6309662727314,
    "sentKBytesPerSec" : 1.7845024496822035
  },
  "Token Authorization" : {
    "transaction" : "Token Authorization",
    "sampleCount" : 100,
    "errorCount" : 0,
    "errorPct" : 0.0,
    "meanResTime" : 264.02,
    "medianResTime" : 262.0,
    "minResTime" : 256.0,
    "maxResTime" : 315.0,
    "pct1ResTime" : 271.8,
    "pct2ResTime" : 277.95,
    "pct3ResTime" : 314.7399999999999,
    "throughput" : 10.801468999783971,
    "receivedKBytesPerSec" : 2.858591893497516,
    "sentKBytesPerSec" : 2.9746232987686327
  },
  "Update Booking Detail" : {
    "transaction" : "Update Booking Detail",
    "sampleCount" : 100,
    "errorCount" : 0,
    "errorPct" : 0.0,
    "meanResTime" : 271.60999999999996,
    "medianResTime" : 269.0,
    "minResTime" : 260.0,
    "maxResTime" : 347.0,
    "pct1ResTime" : 282.9,
    "pct2ResTime" : 288.0,
    "pct3ResTime" : 346.52999999999975,
    "throughput" : 10.790978741771879,
    "receivedKBytesPerSec" : 4.404911244199849,
    "sentKBytesPerSec" : 4.9318145030754295
  }
}