{
  "Add Booking Details" : {
    "transaction" : "Add Booking Details",
    "sampleCount" : 200,
    "errorCount" : 0,
    "errorPct" : 0.0,
    "meanResTime" : 266.0100000000001,
    "medianResTime" : 258.5,
    "minResTime" : 250.0,
    "maxResTime" : 359.0,
    "pct1ResTime" : 290.8,
    "pct2ResTime" : 304.9,
    "pct3ResTime" : 333.93000000000006,
    "throughput" : 18.387423002666175,
    "receivedKBytesPerSec" : 7.9906281603383285,
    "sentKBytesPerSec" : 8.17019283809874
  },
  "Delete Booking Information" : {
    "transaction" : "Delete Booking Information",
    "sampleCount" : 200,
    "errorCount" : 0,
    "errorPct" : 0.0,
    "meanResTime" : 274.78499999999997,
    "medianResTime" : 269.0,
    "minResTime" : 252.0,
    "maxResTime" : 577.0,
    "pct1ResTime" : 299.0,
    "pct2ResTime" : 303.95,
    "pct3ResTime" : 360.8700000000001,
    "throughput" : 18.475750577367204,
    "receivedKBytesPerSec" : 4.474595842956121,
    "sentKBytesPerSec" : 4.348296766743649
  },
  "Get Specific Booking Details" : {
    "transaction" : "Get Specific Booking Details",
    "sampleCount" : 200,
    "errorCount" : 0,
    "errorPct" : 0.0,
    "meanResTime" : 272.86500000000024,
    "medianResTime" : 263.5,
    "minResTime" : 249.0,
    "maxResTime" : 460.0,
    "pct1ResTime" : 306.9,
    "pct2ResTime" : 334.0,
    "pct3ResTime" : 358.98,
    "throughput" : 18.443378827001105,
    "receivedKBytesPerSec" : 7.4926226484692,
    "sentKBytesPerSec" : 3.818355772777573
  },
  "Total" : {
    "transaction" : "Total",
    "sampleCount" : 1200,
    "errorCount" : 0,
    "errorPct" : 0.0,
    "meanResTime" : 465.3166666666661,
    "medianResTime" : 268.0,
    "minResTime" : 249.0,
    "maxResTime" : 4475.0,
    "pct1ResTime" : 1309.0,
    "pct2ResTime" : 1348.95,
    "pct3ResTime" : 2322.3700000000044,
    "throughput" : 87.41895534348365,
    "receivedKBytesPerSec" : 611.7176971024259,
    "sentKBytesPerSec" : 26.535864537043782
  },
  "Get Booking Information" : {
    "transaction" : "Get Booking Information",
    "sampleCount" : 200,
    "errorCount" : 0,
    "errorPct" : 0.0,
    "meanResTime" : 1437.5549999999994,
    "medianResTime" : 1320.5,
    "minResTime" : 1263.0,
    "maxResTime" : 4475.0,
    "pct1ResTime" : 1733.9,
    "pct2ResTime" : 2454.5999999999985,
    "pct3ResTime" : 2967.6000000000013,
    "throughput" : 16.12513101668951,
    "receivedKBytesPerSec" : 648.7041000665162,
    "sentKBytesPerSec" : 3.2596700395065707
  },
  "Token Authorization" : {
    "transaction" : "Token Authorization",
    "sampleCount" : 200,
    "errorCount" : 0,
    "errorPct" : 0.0,
    "meanResTime" : 266.3050000000001,
    "medianResTime" : 258.0,
    "minResTime" : 250.0,
    "maxResTime" : 428.0,
    "pct1ResTime" : 290.0,
    "pct2ResTime" : 310.69999999999993,
    "pct3ResTime" : 349.98,
    "throughput" : 18.508236165093468,
    "receivedKBytesPerSec" : 4.898175781972978,
    "sentKBytesPerSec" : 5.096994725152693
  },
  "Update Booking Detail" : {
    "transaction" : "Update Booking Detail",
    "sampleCount" : 200,
    "errorCount" : 0,
    "errorPct" : 0.0,
    "meanResTime" : 274.3799999999999,
    "medianResTime" : 269.0,
    "minResTime" : 252.0,
    "maxResTime" : 413.0,
    "pct1ResTime" : 295.0,
    "pct2ResTime" : 312.9,
    "pct3ResTime" : 385.7600000000002,
    "throughput" : 18.509949097639982,
    "receivedKBytesPerSec" : 7.5558190652475705,
    "sentKBytesPerSec" : 8.459625173530773
  }
}